ean;pocet
8594197823938;577
8594197822221;0
8594197822252;0
8594197822764;0
8594197825253;0
8594197823433;0
8594197825307;0
8594197825314;0
8594197825291;0
8594197820685;112
8594197825109;0
8594197823945;44
8594197825093;0
8594197823792;0
8594197823839;0
8594197823310;0
8594197824287;0
8594197822245;0
8594197825123;0
8594197825598;0
8594197825604;0
8594197825611;0
8594197825628;0
8594197824966;0
8594197824942;0
8594197824959;0
8594197824973;0
8594197823532;0
8594197823525;247
8594197823556;0
8594197823570;253
8594197823563;297
8594197825376;1
8594197823488;0
8594197825383;0
8594197823174;0
8594197823419;0
8594197825635;0
8594197823358;0
8594197825642;0
8594197822023;0
8594197822092;80
8594197823518;0
8594197821972;0
8594197825352;0
8594197825338;0
8594197821989;0
8594197820494;0
8594197825345;0
8594197825079;0
8594197825369;0
8594197825086;0
8594197822726;0
8594197821965;1
8594197822573;0
8594197823129;0
8594197823082;0
8594197823143;0
8594197823136;0
8594197821897;0
8594197821903;201
8594197821958;0
8594197823341;0
8594197823426;0
8594197823075;0
8594197822993;172
8594197820852;0
8594197824249;0
8594197822900;0
8594197823099;0
8594197822634;0
8594197820104;483
8594197823297;0
8594197823815;0
8594197823044;0
8594197825406;0
8594197822528;0
8594197820371;788
8594197820333;255
8594197821453;2
8594197820098;218
8594197820081;471
8594197822733;84
8594197825178;0
8594197821828;0
8594197823846;159
8594197822306;0
8594197822535;78
8594197822511;0
8594197823655;0
8594197823648;164
8594197823778;0
8594197820197;0
8594197823280;0
8594197825222;0
8594197823303;42
8594197823396;0
8594197822870;54
8594197825024;0
8594197821910;0
8594197823327;0
8594197822757;203
8594197822542;72
8594197821422;0
8594197821378;0
8594197822504;1
8594197822627;0
8594197822580;0
8594197823051;0
8594197822672;0
8594197825192;0
8594197825215;0
8594197825208;0
8594197824331;0
8594197824355;0
8594197824300;0
8594197824362;0
8594197821514;0
8594197823754;1300
8594197823730;720
8594197820388;626
8594197821576;0
8594197820074;450
8594197825154;0
8594197821941;0
8594197822481;1
8594197820180;604
8594197822238;0
8594197821446;0
8594197822450;0
8594197823464;0
8594197823112;0
8594197823105;0
8594197824928;0
8594197824881;0
8594197824904;0
8594197824911;0
8594197824898;0
8594197824935;0
8594197824263;0
8594197824256;0
8594197821637;11
8594197823150;0
8594197823167;0
8594197823709;94
8594197821712;325
8594197823785;225
8594197825581;0
8594197822337;0
8594197822344;0
8594197825444;0
8594197821880;70
8594197821583;0
8594197823457;0
8594197823440;0
8594197820395;473
8594197821538;412
8594197821569;0
8594197825130;0
8594197822146;24
8594197823501;0
8594197823471;0
8594197823600;0
8594197822108;430
8594197822016;148
8594197822009;0
8594197822047;0
8594197822030;0
8594197822085;0
8594197822078;0
8594197822054;0
8594197822061;0
8594197825468;0
8594197825505;0
8594197822894;0
8594197822320;0
8594197822269;0
8594197825550;0
8594197825543;0
8594197825321;0
8594197822948;81
8594197822801;152
8594197820562;206
8594197821996;174
8594197820579;350
8594197825437;0
8594197821798;115
8594197825277;0
8594197824980;0
8594197825017;0
8594197824997;0
8594197825000;0
8594197821347;469
8594197821606;0
8594197822214;0
8594197821385;0
8594197821729;0
8594197820692;35
8594197825413;0
8594197825390;0
8594197822603;0
8594197821354;0
8594197821866;86
8594197820067;0
8594197820050;100
8594197820173;56
8594197821873;0
8594197820715;0
8594197825574;0
8594197822719;19
8594197827660;0
8594197822139;0
8594197820234;25
8594197825420;212
8594197825260;0
8594197823228;0
8594197822429;0
8594197821361;664
8594197823402;1
8594197822436;87
8594197822412;0
8594197823679;359
8594197823686;367
8594197825055;1
8594197822443;0
8594197821439;0
8594197822405;0
8594197823211;0
8594197825048;0
8594197821545;115
8594197820326;334
8594197820043;363
8594197821705;0
8594197822313;0
8594197821934;0
8594197820449;83
8594197820265;157
8594197820531;0
8594197822115;0
8594197824768;0
8594197824812;0
8594197824805;0
8594197824782;0
8594197824799;0
8594197824775;0
8594197821651;65
8594197823914;0
8594197822955;0
8594197825185;0
8594197820258;388
8594197822610;0
8594197822597;0
8594197820876;0
8594197821774;0
8594197820036;715
8594197821668;0
8594197820432;484
8594197821415;287
8594197820463;0
8594197825529;0
8594197825536;0
8594197823822;123
8594197823365;0
8594197820166;483
8594197822696;0
8594197820401;0
8594197820418;0
8594197822375;0
8594197820029;156
8594197821835;52
8594197822382;163
8594197822368;0
8594197823693;0
8594197820456;0
8594197825062;0
8594197823907;0
8594197822399;78
8594197821408;103
8594197822351;0
8594197820883;0
8594197821675;32
8594197822122;1
8594197821842;0
8594197822856;0
8594197822832;0
8594197825512;0
8594197821781;21
8594197820159;70
8594197823372;0
8594197824270;0
8594197820128;1
8594197825246;0
8594197825239;0
8594197820425;166
8594197825031;0
8594197823334;0
8594197823761;433
8594197820142;140
8594197820135;162
8594197825116;0
8594197825284;0
8594197823389;0
8594197822825;0
8594197821507;54
8594197822689;0
8594197825567;0
8594197821330;285
8594197822160;334
8594197823921;0
8594197824850;0
8594197824874;0
8594197824867;0
8594197824829;0
8594197824843;0
8594197824836;0
8594197822887;0
8594197823976;40
8594197822849;0
8594197822863;0
8594197823495;0
8594197823549;212
8594197820210;327
8594197821521;0
8594197820357;263
8594197821613;0
8594197821699;0
8594197820203;20
8594197821804;0
8594197820296;0
8594197820555;0
8594197822702;170
8594197822740;0
8594197822788;0
8594197822931;0
8594197823013;67
8594197823020;119
8594197823235;169
8594197823266;357
8594197820340;316
8594197823860;231
8594197820272;180
8594197825666;0
8594197824317;0
8594197824324;0
8594197824348;0
8594197825734;0
8594197825765;0
8594197825710;0
8594197825703;0
8594197825727;0
8594197820227;163
8594197825659;0
8594197823631;0
8594197822184;1001
8594197824379;366
8594197820753;0
8594197820760;83
8594197824386;74
8594197824393;9
8594197820777;286
8594197820784;0
8594197820791;225
8594197820807;0
8594197820814;0
8594197820241;0
8594197821743;20
8594197820708;18
8594197820593;256
8594197822917;53
8594197823006;217
8594197820289;0
8594197823242;2
8594197823259;0
8594197823723;938
8594197823747;399
8594197823853;538
8594197825741;1
8594197825758;0
8594197825772;0
8594197821590;175
8594197820975;0
8594197820982;0
8594197820364;454
8594197821002;0
8594197820111;103
8594197821057;0
8594197821064;0
8594197821071;71
8594197821156;47
8594197821163;0
8594197821293;0
8594197821309;0
8594197820470;22
8594197820487;0
8594197821484;157
8594197821491;0
8594197820319;341
8594197821682;121
8594197822153;0
8594197822177;76
8594197822191;0
8594197822559;617
8594197820586;0
8594197822924;0
8594197822986;0
8594197823587;688
8594197823594;0
8594197823617;8
8594197825680;0
8594197820302;139
8594197825673;0
8594197823662;70
8594197820012;812
8594197823884;0
8594197823891;0
8594197824058;0
8594197824065;159
8594197824072;328
8594197824089;1
8594197824102;201
8594197824119;187
8594197824126;0
8594197824140;5
8594197824164;649
8594197824195;145
8594197824201;51
8594197824232;0
8594197824294;0
8594197823952;156
8594197823969;248
8594197823990;87
8594197820609;57
8594197820968;0
8594197821019;0
8594197821088;0
8594197821095;0
8594197821101;0
8594197821170;117
8594197821200;0
8594197821224;143
8594197821248;0
8594197821255;20
8594197821262;201
8594197821279;0
8594197821286;0
8594197821316;0
8594197821323;0
8594197821552;274
8594197821859;0
8594197822207;0
8594197822641;0
8594197822658;0
8594197822771;0
8594197822795;0
8594197822818;174
8594197823198;227
8594197823204;104
8594197823716;238
8594197823808;502
8594197824027;220
8594197820739;0
8594197824034;219
8594197824041;277
8594197824096;296
8594197824133;71
8594197824157;81
8594197824188;622
8594197824218;112
8594197820616;0
8594197820913;0
8594197820920;0
8594197820630;0
8594197820647;51
8594197820654;226
8594197820661;0
8594197820678;0
8594197821927;0
8594197823273;0
8594197820623;31
8594197822276;0
8594197821231;0
8594197820937;0
8594197820944;0
8594197823983;346
8594197824225;298
8594197822566;550
8594197820821;0
8594197820845;0
8594197820869;0
8594197820951;0
8594197821026;40
8594197821118;0
8594197821149;256
8594197821187;114
8594197821217;0
8594197821620;202
8594197820500;213
8594197820517;68
8594197820524;0
8594197821644;20
8594197820548;0
8594197821736;101
8594197821811;1237
8594197822283;0
8594197822290;0
8594197822467;0
8594197822474;0
8594197822498;0
8594197822665;0
8594197822962;53
8594197822979;0
8594197823037;782
8594197823068;188
8594197823181;0
8594197823624;1501
8594197823877;145
8594197824003;78
8594197824010;713
8594197820722;488
8594197824171;291
8594197820746;129
8594197820838;0
8594197820890;0
8594197820906;0
8594197820999;108
8594197821033;0
8594197821040;0
8594197821125;82
8594197821132;0
8594197821194;0
8594197821392;1
8594197821460;0
8594197821477;0
8594197821750;89
8594197821767;0
8594197826441;0
8594197826458;0
8594197826502;0
8594197824409;0
8594197824416;12
8594197824423;0
8594197824430;0
8594197824447;229
8594197824454;0
8594197824621;1
8594197824638;0
8594197824645;0
8594197824652;270
8594197824669;0
8594197824676;137
8594197824683;188
8594197824690;97
8594197824706;830
8594197824713;0
8594197824720;0
8594197824737;0
8594197824751;0
8594197824461;0
8594197824478;3
8594197824485;0
8594197824492;0
8594197824508;0
8594197824515;1
8594197824522;0
8594197824539;283
8594197824546;133
8594197824553;0
8594197824560;0
8594197824577;0
8594197824584;0
8594197824591;228
8594197824607;98
8594197824614;0
8594197824744;0
8594197826465;0
8594197826526;0
8594197826519;0
8594197825789;0
8594197825796;0
8594197825802;0
8594197825819;224
8594197825826;351
8594197825833;6
8594197825840;0
8594197825857;7
8594197825864;0
8594197825871;0
8594197825888;0
8594197825895;0
8594197825901;0
8594197825918;8
8594197825925;0
8594197825932;0
8594197825949;130
8594197825956;0
8594197825963;0
8594197825970;375
8594197825987;392
8594197825994;62
8594197826007;162
8594197826014;414
8594197826021;333
8594197826038;706
8594197826045;0
8594197826052;871
8594197826069;0
8594197826076;0
8594197826083;100
8594197826090;0
8594197826106;41
8594197826113;265
8594197826120;0
8594197826137;0
8594197826144;0
8594197826151;0
8594197826168;0
8594197826175;0
8594197826182;0
8594197826199;0
8594197826205;0
8594197826212;0
8594197826229;0
8594197826236;0
8594197826243;0
8594197826250;0
8594197826267;0
8594197826274;24
8594197826281;93
8594197826298;0
8594197826304;80
8594197826311;545
8594197826328;0
8594197826335;0
8594197826342;0
8594197826359;0
8594197826489;0
8594197826496;0
8594197826366;0
8594197826472;0
8594197826380;56
8594197826434;179
8594197826427;239
8594197826403;71
8594197826373;0
8594197826397;0
8594197826410;0
8594197827905;14
8594197826670;0
8594197826687;0
8594197826694;0
8594197826700;0
8594197826663;0
8594197826533;89
8594197826540;0
8594197826557;314
8594197826564;302
8594197826571;0
8594197826588;85
8594197826595;220
8594197826601;102
8594197826625;0
8594197826632;0
8594197826649;0
8594197826656;0
8594197826779;0
8594197826786;713
8594197826793;25
8594197826847;0
8594197826809;17
8594197826816;0
8594197826878;164
8594197826908;0
8594197826915;0
8594197826922;0
8594197826823;0
8594197826830;62
8594197826854;62
8594197826861;0
8594197826885;0
8594197826892;0
8594197826939;0
8594197826946;0
8594197826953;0
8594197826960;0
8594197826977;143
8594197826984;26
8594197826991;0
8594197827004;0
8594197826755;0
8594197826762;273
8594197827011;45
8594197827035;0
8594197827073;0
8594197827080;60
8594197827059;145
8594197827110;266
8594197827127;0
8594197827134;0
8594197827042;240
8594197827066;80
8594197827097;53
8594197827103;0
8594197827141;0
8594197827158;157
8594197827165;63
8594197827172;79
8594197827189;0
8594197827196;140
8594197827202;0
8594197827219;0
8594197827233;0
8594197827240;0
8594197827264;169
8594197827271;0
8594197827288;162
8594197827295;0
8594197827257;93
8594197827608;0
8594197823143;0
8594197827301;292
8594197827318;671
8594197827325;530
8594197827332;430
8594197827349;222
8594197827363;49
8594197827370;0
8594197827615;54
8594197827622;0
8594197827639;95
8594197827646;0
8594197827356;948
3198246542778;0
3198246542754;0
3198246542730;0
3198246542860;0
3198246542822;0
3198246542907;0
3198246552838;0
3198246552883;0
3198246542662;0
3198246550858;0
3198246542693;0
3198246542716;0
3198246482883;0
3198246482890;0
3198246531871;1
3198246531888;0
3198246483538;0
3198246484740;0
3198246483422;0
3198246483446;0
3198246482791;0
3198246482807;0
3198246483248;0
3198246483255;0
3198246483644;0
3198246482975;0
3198246482982;0
3198246504486;1
3198246504493;0
3198246483989;1
3198246483996;0
3198246148314;0
3198246420939;0
3198246540101;0
3198246540132;0
3198246540095;0
3198246540149;0
3198246529939;0
3198246529960;0
3198246529908;0
3198246529977;0
3198246530003;0
3198246538573;0
3198246538610;0
3198246538566;0
3198246538627;0
3198246526877;0
3198246526914;0
3198246526860;0
3198246526921;0
3198246495579;0
3198246495586;0
3198246504301;0
3198246504202;0
3198246504219;0
3198246556386;1
3198246494923;0
3198246514331;0
3198246514447;1
3198246496057;0
3198246517318;1
3198246517295;1
3198246495883;0
3198246495784;0
3198246528857;1
3198246514430;2
3198246495074;0
3198246556362;1
3198246514362;0
3198246494947;0
3198246528871;1
3198246514379;0
3198246504318;0
3198246556331;1
3198246514386;0
3198246556423;0
3198246556409;3
3198246495029;0
3198246514355;0
3198246495944;0
3198246494916;0
3198246514454;0
3198246495081;0
3198246514416;0
3198246495777;0
3198246514423;0
3198246496064;0
3198246558113;0
3198246495050;0
3198246495043;1
3198246514300;0
3198246514393;0
3198246494992;0
3198246514409;0
3198246495876;0
3198246494978;0
3198246495012;0
3198246494954;0
3198246556454;1
3198246514294;0
3198246150690;0
3198246150669;1
3198246150683;0
3198246446953;1
3198246125117;0
3198246152878;0
3198246150331;0
3198246152793;0
3198246529526;0
3198246529489;0
3198246529601;0
3198246178687;0
3198246560871;0
3198246560840;0
3198246560864;0
3198240021149;0
3198246365131;0
3198246560833;0
3198246362666;0
3198246560819;0
3198246560789;0
3198246560802;0
3198246560772;0
3198246160965;0
3198240016404;0
3198246190887;0
3198246367456;0
3198246527881;0
3198246527867;0
3198246460898;0
3198246462175;0
3198246459540;0
3198246448230;0
3198246555358;0
3198246509306;0
3198246509313;0
3198246519459;1
3198246388260;0
3198246388505;0
3198246389632;0
3198246510999;3
3198246443853;2
3198246443860;0
3198246548145;0
3198246548152;0
3198246548138;0
3198246547728;0
3198246547742;2
3198246547698;2
3198246547643;1
3198246547667;0
3198246547629;0
3198246546318;0
3198246546325;0
3198246546301;0
3198246546288;0
3198246546295;0
3198246546271;0
8594197827677;0
8594197827684;0
8594197827691;0
8594197827707;175
8594197827714;71
8594197827721;161
8594197827738;421
8594197827745;242
8594197827752;574
8594197827769;381
8594197827424;519
8594197827455;418
8594197827776;346
8594197827783;113
8594197827790;54
8594197827806;0
8594197827813;320
8594197827820;317
8594197827837;133
8594197827844;243
8594197827851;42
8594197827868;39
8594197827875;88
8594197827882;0
8594197827899;163
8594197827912;16
8594197827929;0
8594197827936;69
8594197827943;73
8594197827950;151
8594197827967;122
8594197827974;124
8594197827981;269
8594197827998;467
8594197828001;505
8594197828018;192
8594197828025;78
8594197828032;188
8594197828049;293
8594197828056;70
8594197828063;0
8594197828070;0
8594197828087;180
8594197828094;60
8594197828100;4
8594197828117;0
8594197828124;0
8594197828131;138
8594197828148;0
8594197828155;317
8594197828162;130
8594197828179;0
8594197828186;0
8594197828193;189
8594197828209;40
8594197828216;0
8594197828223;180
8594197828230;0
8594197828247;270
8594197828254;12
8594197828261;0
8594197828315;134
8594197828322;0
8594197828339;0
8594197828346;0
8594197828353;50
8594197828360;255
8594197828377;0
8594197828384;245
8594197828391;170
8594197828407;0
8594197828414;8
8594197828421;0
8594197828438;0
8594197828445;0
8594197828452;422
8594197828469;85
8594197828476;0
8594197828483;25
8594197828490;123
8594197828506;59
8594197828513;0
8594197828520;0
8594197828537;176
8594197828544;60
8594197828605;0
8594197828612;194
8594197828629;0
8594197828636;21
8594197828643;514
8594197828650;259
8594197828667;0
8594197828674;76
8594197828681;53
8594197828698;59
8594197828704;3
8594197828711;0
8594197828728;11
8594197828735;197
8594197828742;528
8594197828759;77
8594197828926;175
8594197828933;163
8594197828940;763
8594197828957;719
8594197828964;404
8594197829008;304
8594197829015;111
8594197829107;39
8594197829022;278
8594197829039;609
8594197829046;14
8594197829053;37
8594197829060;462
8594197829077;997
8594197829190;499
8594197829206;194
8594197829084;263
8594197829091;49
8594197829114;238
8594197829121;389
8594197829138;17
8594197829145;456
8594197829213;0
8594197829152;36
8594197829169;0
8594197829176;16
8594197829183;0
8594197829244;908
8594197829251;669
8594197829268;298
8594197829275;6
8594197829282;28
8594197820982;1
8594197821002;226
8594197821019;0
8594197821569;0
8594197821965;142
8594197821989;515
8594197822030;0
8594197822115;0
8594197822122;0
8594197822139;0
8594197822191;447
8594197822221;0
8594197822337;0
8594197822375;53
8594197822474;57
8594197822504;0
8594197822689;43
8594197822726;38
8594197822696;33
8594197822764;99
8594197822825;4
8594197822832;97
8594197822849;543
8594197822856;53
8594197822887;77
8594197822894;44
8594197823211;1259
8594197823358;147
8594197823365;268
8594197823372;131
8594197823389;27
8594197823396;327
8594197823402;131
8594197823433;306
8594197823488;237
8594197823495;5
8594197823501;9
8594197825215;98
8594197825260;0
8594197825291;213
8594197825307;180
8594197825314;157
8594197825338;284
8594197825376;158
8594197825383;183
8594197825390;241
8594197825406;519
8594197825468;0
8594197825475;231
8594197825499;88
8594197825529;653
8594197828063;150
8594197829237;0
8594197829992;13
8595730100004;176
8595730100011;14
8595730100028;0
8595730100035;170
8595730100042;58
8595730100059;52
8595730100066;72
8595730100073;67
8595730100080;86
8595730100097;77
8595730100103;0
8595730100110;55
8595730100127;103
8595730100134;52
8595730100141;49
8595730100158;85
8595730100165;21
8595730100172;184
8595730100189;68
8595730100196;85
8595730100202;68
8595730100219;200
8595730100226;39
8595730100233;178
8595730100240;894
8595730100257;219
8595730100264;298
8595730100271;181
8595730100288;135
8595730100295;102
8595730100301;91
8595730100318;1942
8595730100325;53
8595730100370;0
8595730100363;211
8595730100387;0
8595730100394;70
8595730100400;110
8595730100417;78
8595730100424;1
8595730100431;0
8595730100448;191
8595730100455;259
8595730100462;301
8595730100479;253
8595730100486;281
8595730100493;245
8595730100509;0
8595730100516;57
8595730100523;19
8595730100530;8
8595730100547;175
8595730100554;274
8595730100561;104
8595730100578;110
8595730100585;121
8595730100592;172
8595730100608;141
8595730100615;152
8595730100622;179
8595730100639;0
8595730100868;230
8595730100875;224
8595730100882;0
8595730100899;0
8595730100905;0
8595730100912;0
8595730100929;301
8595730100936;211
8595730100943;0
8595730100950;136
8595730100967;180
8595730100974;142
8595730100981;163
8595730100998;37
8595730101001;32
8594197820036;0
8595730101025;5
8595730101032;30
8595730101049;1
8595730101056;0
8595730101063;18
8595730101070;80
8595730101100;126
8595730101117;520
8595730101124;454
8594197825420;0
8595730101155;0
8595730101162;93
8595730101179;128
8595730101186;229
8595730101193;175
8595730101209;205
8595730101216;227
8595730101223;229
8595730101230;169
8595730101247;128
8595730101254;54
8595730101261;136
8595730101278;130
8595730101285;101
8595730101292;33
8595730101308;0
8595730101315;49
8595730101322;0
8595730101339;246
8595730101346;0
8595730101353;1
8595730101360;161
8595730101377;159
8595730101384;68
8595730101391;3
8595730101407;100
8595730101414;7
8595730101421;57
8595730101438;0
8595730101445;111
8595730101452;0
8595730101469;0
8595730101476;215
8595730101483;109
8595730101490;183
8595730101506;107
8595730101513;111
8595730101520;92
8595730101537;124
8595730101544;56
8595730101551;74
8595730101568;136
8595730101575;0
8595730101582;67
8595730101599;38
8595730101605;157
8595730101612;0
8595730101629;114
8595730101636;69
8595730101643;47
8595730101650;90
8595730101667;39
8595730101674;0
8595730101681;81
8595730101698;28
8595730101704;0
8595730101711;18
8595730101728;1
8595730101735;0
8595730101742;89
8595730101759;79
8595730101766;107
8595730101773;77
8595730101780;81
8595730101797;285
8595730101803;58
8595730101810;146
8595730101827;0
8595730101834;161
8595730101841;146
8595730101865;502
8595730101872;40
8595730101889;28
8595730101896;6
8595730101902;581
8595730101919;33
8595730101926;81
8595730101933;127
8595730101940;49
8595730101957;51
8595730101964;50
8595730101971;88
8595730101988;40
8595730101995;157
8595730102008;160
8595730102015;43
8595730102022;38
8595730102039;189
8595730102046;175
8595730102053;123
8595730102060;258
8595730102077;166
8595730102084;283
8595730102091;101
8595730102107;486
8595730102114;49
8595730102121;88
8595730102138;110
8595730102145;89
8595730102152;124
8595730102169;290
8595730102176;314
8595730102183;75
8595730102190;109
8595730102206;118
8595730102213;182
8595730102220;176
8595730102237;101
8595730102244;286
8595730102251;24
8595730102268;188
8595730102275;179
8595730102282;175
8595730102299;114
8595730102305;100
8595730102312;320
8595730102329;155
8595730102336;54
8595730102343;151
8595730102527;24
8595730102534;73
8595730102541;126
8595730102558;196
8595730102565;251
8595730102572;455
8595730102589;185
8595730102596;201
8595730102633;203
8595730102640;206
8595730102657;206
8595730102664;140
8595730102671;144
8595730102688;184
8595730102695;105
8595730102701;199
8595730102718;228
8595730102725;109
8595730102732;72
8595730102749;374
8595730102756;0
8595730102763;96
8595730102770;98
8595730102787;50
8595730102794;202
8595730102800;180
8595730102817;183
