mijeurope_code;mijeurope_ean;name;stock
MIJC7150;8594197822887;PLATTER RECT. MATT BLACK W' TEXT. LINES ON HALF 30X20CM;0
MIKAPB0103;;Salt and Pepper Shaker Set Navy Blue Mikasa 2pcs;0
111;;Transport & Packaging;0
MIJC9621;;Bílý kulatý talíř MODERN 26 x 24 cm;0
MIJC2439S;;Velký mělký talíř Black Pearl 29 cm;0
MIJC9624;;Sushi plate Turquoise 50x15 cm;0
X002;;BOX PLASTIC 50x35x30;185
X000;;Pallet;9
X001;;Pallet - Half;0
X003;;MAKRO STICKER;0
X004;;Dobírka CZ;0
X005;;Dobírka SK;0
X006;;Dobírka Domů CZ;0
X007;;Doprava Domů CZ;0
X008;;Doprava Domů SK;0
MIJX009;8594197827905;Printed Catalog - ENG with Contacts;14
MIJ6342B;8594197826700;B-Quality Large Round Plate Modern black 25 x 24 cm;0
X0010;;Inspiration Brochure MIJ - ENG;0
X0011;;Printed Leaflet MIJ - ENG;0
RVBOX654277;3198246542778;6x REVOL Adelie gourmet plate 17cm, Cast iron style;0
RVBOX654275;3198246542754;4x REVOL Adelie gourmet plate 23cm, Cast iron style;0
RVBOX654273;3198246542730;4x REVOL Adelie gourmet plate 27cm, Cast iron style;0
RVBOX654286;3198246542860;6x REVOL Adelie flat plate 22cm, Cast iron style;0
RVBOX654282;3198246542822;6x REVOL Adelie flat plate 24cm, Cast iron style;0
RVBOX654290;3198246542907;4x REVOL Adelie flat plate 28cm, Cast iron style;0
RVBOX655283;3198246552838;6x REVOL Adelie bowl 22cl, Cast iron style;0
RVBOX655288;3198246552883;6x REVOL Adelie bowl 40cl, Cast iron style;0
RVBOX654266;3198246542662;6x REVOL Adelie bowl 55cl, Cast iron style;0
RVBOX655085;3198246550858;4x REVOL Adelie salad bowl 1,5l, Cast iron style;0
RVBOX654269;3198246542693;6x REVOL Adelie cup 20cl, Cast iron style;0
RVBOX654271;3198246542716;6x REVOL Adelie  cup 8cl, Cast iron style;0
RVBOX648288;3198246482883;6x REVOL Arborescence deep coupe plate 24cm, Ivory;0
RVBOX648289;3198246482890;6x REVOL Arborescence deep coupe plate 24cm, Liquorice;0
RVBOX653187;3198246531871;4x REVOL Arborescence deep coupe plate 27cm, Ivory;1
RVBOX653188;3198246531888;4x REVOL Arborescence deep coupe plate 27cm, Liquorice;0
RVBOX648353;3198246483538;6x REVOL Arborescence dessert plate 21,5cm, Ivory;0
RVBOX648474;3198246484740;6x REVOL Arborescence dessert plate 21,5cm, Liquorice;0
RVBOX648342;3198246483422;6x REVOL Arborescence dinner plate 26,5m, Ivory;0
RVBOX648344;3198246483446;6x REVOL Arborescence dinner plate 26,5m, Liquorice;0
RVBOX648279;3198246482791;6x REVOL Arborescence dinner plate 28cm, Ivory;0
RVBOX648280;3198246482807;6x REVOL Arborescence dinner plate 28cm, Liquorice;0
RVBOX648324;3198246483248;2x REVOL Arborescence dinner plate 31cm, Ivory;0
RVBOX648325;3198246483255;2x REVOL Arborescence dinner plate 31cm, Liquorice;0
RVBOX648364;3198246483644;6x REVOL Arborescence bread plate 16cm, Liquorice;0
RVBOX648297;3198246482975;6x REVOL Arborescence bowl 19cm, Ivory;0
RVBOX648298;3198246482982;6x REVOL Arborescence bowl 19cm, Liquorice;0
RVBOX650448;3198246504486;2x REVOL Arborescence serving bowl 33,5cm, Ivory;1
RVBOX650449;3198246504493;2x REVOL Arborescence serving bowl 33,5cm, Liquorice;0
RVBOX648398;3198246483989;6x REVOL Arborescence mini bowl 7cm, Ivory;1
RVBOX648399;3198246483996;6x REVOL Arborescence mini bowl 7cm, Liquorice;0
RVBOX614831;3198246148314;6x REVOL Belle Cuisine oval dish 14,5cm, White;0
RVBOX642093;3198246420939;6x REVOL Belle Cuisine oval dish 14,5cm, Cast iron style;0
RVBOX654010;3198246540101;REVOL Caractere giftboxed cup 22cl, x2, White Cumulus;0
RV654013;3198246540132;REVOL Caractere giftboxed cup 22cl, x2, Cardamom;0
RV654009;3198246540095;REVOL Caractere giftboxed cup 22cl, x2, Nutmeg;0
RV654014;3198246540149;REVOL Caractere giftboxed cup 22cl, x2, Tonka;0
RVBOX652993;3198246529939;REVOL Caractere giftboxed cup 8cl, x2, White Cumulus;0
RV652996;3198246529960;REVOL Caractere giftboxed cup 8cl, x2, Cardamom;0
RV652990;3198246529908;REVOL Caractere giftboxed cup 8cl, x2, Nutmeg;0
RV652997;3198246529977;REVOL Caractere giftboxed cup 8cl, x2, Tonka;0
RVBOX653000;3198246530003;REVOL Caractere giftboxed cup 8cl, x6, White Cumulus;0
RVBOX653857;3198246538573;4x REVOL Caractere cup 22 cl, White Cumulus;0
RVBOX653861;3198246538610;4x REVOL Caractere cup 22cl, Cardamom;0
RVBOX653856;3198246538566;4x REVOL Caractere cup 22 cl, Nutmeg;0
RVBOX653862;3198246538627;4x REVOL Caractere cup 22cl, Tonka;0
RVBOX652687;3198246526877;4x REVOL Caractere cup 8cl, White Cumulus;0
RVBOX652691;3198246526914;4x REVOL Caractere cup 8cl, Cardamom;0
RVBOX652686;3198246526860;4x REVOL Caractere cup 8cl, Nutmeg;0
RVBOX652692;3198246526921;4x REVOL Caractere cup 8cl, Tonka;0
RVBOX649557;3198246495579;4x REVOL Equinoxe deep coupe plate 27cm, Cast iron style;0
RVBOX649558;3198246495586;4x REVOL Equinoxe deep coupe plate 27cm, Pepper;0
RVBOX650430;3198246504301;6x REVOL Equinoxe dinner plate 24cm, Cast iron style;0
RVBOX650420;3198246504202;6x REVOL Equinoxe dinner plate 26cm, Cast iron style;0
RVBOX650421;3198246504219;6x REVOL Equinoxe dinner plate 26cm, Pepper;0
RVBOX655638;3198246556386;6x REVOL Equinoxe bread plate 16cm, White Cotton;1
RVBOX649492;3198246494923;6x REVOL Equinoxe bread plate 16cm, Cast iron style;0
RVBOX651433;3198246514331;4x REVOL Equinoxe bowl 10,5cm 25cl, White Cumulus;0
RVBOX651444;3198246514447;6x REVOL Equinoxe bowl 6,3cm 5cl, White Cumulus;1
RVBOX649605;3198246496057;6x REVOL Equinoxe bowl 6,3cm 5cl, Cast iron style;0
RVBOX651731;3198246517318;6x REVOL Equinoxe bowl 8,2cm 8cl, White Cumulus;1
RVBOX651729;3198246517295;6x REVOL Equinoxe bowl 8,2cm 8cl, Pepper;1
RVBOX649588;3198246495883;6x REVOL Equinoxe bowl 15cm, Cast iron style;0
RVBOX649578;3198246495784;6x REVOL Equinoxe bowl 19cm, Cast iron style;0
RVBOX652885;3198246528857;2x REVOL Equinoxe serving bowl 33.5cm, Pepper;1
RVBOX651443;3198246514430;6x REVOL Equinoxe bowl 14cm, White Cumulus;2
RVBOX649507;3198246495074;6x REVOL Equinoxe bowl 14cm, Pepper;0
RVBOX655636;3198246556362;6x REVOL Equinoxe dessert plate 21,5cm, White Cotton;1
RVBOX651436;3198246514362;6x REVOL Equinoxe dessert plate 21,5cm, White Cumulus;0
RVBOX649494;3198246494947;6x REVOL Equinoxe dessert plate 21,5cm, Pepper;0
RVBOX652887;3198246528871;2x REVOL Equinoxe serving bowl 33.5cm, White Cumulus;1
RVBOX651437;3198246514379;6x REVOL Equinoxe dinner plate 24cm, White Cumulus;0
RVBOX650431;3198246504318;6x REVOL Equinoxe dinner plate 24cm, Pepper;0
RVBOX655633;3198246556331;6x REVOL Equinoxe dinner plate 26cm, White Cotton;1
RVBOX651438;3198246514386;6x REVOL Equinoxe dinner plate 26cm, White Cumulus;0
RVBOX655642;3198246556423;6x REVOL Equinoxe dinner plate 28cm, White Cotton;0
RVBOX655640;3198246556409;2x REVOL Equinoxe dinner plate 31cm, White Cotton;3
RVBOX649502;3198246495029;2x REVOL Equinoxe dinner plate 31cm, Cast iron style;0
RVBOX651435;3198246514355;6x REVOL Equinoxe bread plate 16cm, White Cumulus;0
RVBOX649594;3198246495944;6x REVOL Equinoxe rice bowl 12cm 30cl, Pepper;0
RVBOX649491;3198246494916;6x REVOL Equinoxe bread plate 16cm, Pepper;0
RVBOX651445;3198246514454;6x REVOL Equinoxe rice bowl 12cm 30cl, White Cumulus;0
RVBOX649508;3198246495081;6x REVOL Equinoxe bowl 14cm, Cast iron style;0
RVBOX651441;3198246514416;6x REVOL Equinoxe bowl 19cm, White Cumulus;0
RVBOX649577;3198246495777;6x REVOL Equinoxe bowl 19cm, Pepper;0
RVBOX651442;3198246514423;6x REVOL Equinoxe deep coupe plate 24cm, White Cumulus;0
RVBOX649606;3198246496064;6x REVOL Equinoxe bowl 6,3cm 5cl, Pepper;0
RVBOX655811;3198246558113;6x REVOL Equinoxe deep coupe plate 24cm, White Cotton;0
RVBOX649505;3198246495050;6x REVOL Equinoxe deep coupe plate 24cm, Cast iron style;0
RVBOX649504;3198246495043;6x REVOL Equinoxe deep coupe plate 24cm, Pepper;1
RVBOX651430;3198246514300;4x REVOL Equinoxe deep coupe plate 27cm, White Cumulus;0
RVBOX651439;3198246514393;6x REVOL Equinoxe dinner plate 28cm, White Cumulus;0
RVBOX649499;3198246494992;6x REVOL Equinoxe dinner plate 28cm, Cast iron style;0
RVBOX651440;3198246514409;6x REVOL Equinoxe bowl 15cm, White Cumulus;0
RVBOX649587;3198246495876;6x REVOL Equinoxe bowl 15cm, Pepper;0
RVBOX649497;3198246494978;6x REVOL Equinoxe dinner plate 28cm, Pepper;0
RVBOX649501;3198246495012;2x REVOL Equinoxe dinner plate 31cm, Pepper;0
RVBOX649495;3198246494954;6x REVOL Equinoxe dessert plate 21,5cm, Cast iron style;0
RVBOX655645;3198246556454;6x REVOL Equinoxe bowl 15cm, White Cotton;1
RVBOX651429;3198246514294;2x REVOL Equinoxe dinner plate 31cm, White Cumulus;0
RVBOX615069;3198246150690;4x REVOL French Classics ramekin 10,5cm 25cl, White;0
RVBOX615066;3198246150669;12x REVOL French Classics ramekin 6,8cm 8cl, White;1
RVBOX615068;3198246150683;6x REVOL French Classics ramekin 9,4cm 17cl, White;0
RVBOX644695;3198246446953;6x REVOL French Classics ramekin 9,4cm 17cl, Cast iron style;1
RVBOX612511;3198246125117;6x REVOL French Classics individual souffle 10cm 30cl, White;0
RVBOX615287;3198246152878;4x REVOL French Classics individual souffle 11.8 cm 37cl, White;0
RVBOX615033;3198246150331;12x REVOL French Classics individual souffle 8cm 15cl, White;0
RVBOX615279;3198246152793;6x REVOL French Classics individual souffle 9cm 23cl, White;0
RVBOX652952;3198246529526;REVOL Froisses giftboxed crumple tumbler 18cl,x2, 100% Recyclay;0
RV652948;3198246529489;REVOL Froisses giftboxed crumple tumbler 8cl,x2, 100% Recyclay;0
RV652960;3198246529601;REVOL Froisses giftboxed crumple tumbler 8cl,x6, 100% Recyclay;0
RVBOX617868;3198246178687;6x REVOL Froisses cappuccino tumbler 18cl, White;0
RVBOX656087;3198246560871;6x REVOL Froisses cappuccino tumbler 18cl, Shell white;0
RVBOX656084;3198246560840;6x REVOL Froisses cappuccino tumbler 18cl, Graphite;0
RVBOX656086;3198246560864;6x REVOL Froisses cappuccino tumbler 18cl, Pebble;0
RVBOX2114;3198240021149;6x REVOL Froisses cappuccino tumbler 18cl, Satin black;0
RVBOX636513;3198246365131;6x REVOL Froisses cappuccino tumbler 18cl, Pepper red;0
RVBOX656083;3198246560833;6x REVOL Froisses cappuccino tumbler 18cl, Green garrigue;0
RVBOX636266;3198246362666;6x REVOL Froisses breakfast tumbler 33cl, White;0
RVBOX656081;3198246560819;6x REVOL Froisses expresso tumbler 8 cla, Shell white;0
RVBOX656078;3198246560789;6x REVOL Froisses expresso tumbler 8 cla, Graphite;0
RVBOX656080;3198246560802;6x REVOL Froisses expresso tumbler 8 cla, Grey pebble;0
RVBOX656077;3198246560772;6x REVOL Froisses expresso tumbler 8 cla, Green garrigue;0
RVBOX616096;3198246160965;6x REVOL Froisses espresso tumbler 8cl, White;0
RVBOX1640;3198240016404;6x REVOL Froisses espresso tumbler 8cl, Satin black;0
RVBOX619088;3198246190887;6x REVOL Froisses espresso tumbler 8cl, Pepper red;0
RVBOX636745;3198246367456;6x REVOL Froisses ristretto tumbler 5cl, White;0
RVBOX652788;3198246527881;6x REVOL cappuccino crumple tumbler, 100% Recyclay;0
RVBOX652786;3198246527867;6x REVOL espresso crumpled tumbler, 100% Recyclay;0
RVBOX646089;3198246460898;6x REVOL Froisses small bowl, deep 25cl, White;0
RVBOX646217;3198246462175;6x REVOL Froisses small bowl, deep 25cl, Satin black;0
RVBOX645954;3198246459540;6x REVOL Froisses small bowl, deep 25cl, Pepper red;0
RVBOX644823;3198246448230;6x REVOL Froisses ramekin 10cm 17cl, White;0
RVBOX655535;3198246555358;4x REVOL Caractere cups wire holder 8cl x 4, Black metal;0
RVBOX650930;3198246509306;6x REVOL Inspired by Revol bread bag, small 12x12x15cm, Cellulose Havana;0
RVBOX650931;3198246509313;6x REVOL Inspired by Revol bread bag, medium 16x16x9cm, Cellulose Grey;0
RVBOX651945;3198246519459;4x REVOL Inspired by Revol cups wire holder 8clx6, Black metal;1
RVBOX638826;3198246388260;6x REVOL Essentiels salt/espresso spoon, White;0
RVBOX638850;3198246388505;4x REVOL Essentiels cappuccino spoon, White;0
RVBOX638963;3198246389632;4x REVOL Essentiels chinese spoon 13cm, White;0
RVBOX651099;3198246510999;4x REVOL Essentiels chinese spoon 9cm, White;3
RVBOX644385;3198246443853;4x REVOL Likid pouring jug 10cm 10cl, Slate;2
RVBOX644386;3198246443860;4x REVOL Likid pouring jug 13cm 25cl, Slate;0
RVBOX654814;3198246548145;6x REVOL No.W mug with handle 33cl, Arctic white;0
RVBOX654815;3198246548152;6x REVOL No.W mug with handle 33cl, Indigo blue;0
RVBOX654813;3198246548138;6x REVOL No.W mug with handle 33cl, Matt grey Recyclay;0
RVBOX654772;3198246547728;REVOL No.W giftboxed cup 20cl, x2, Arctic white;0
RVBOX654774;3198246547742;REVOL No.W giftboxed cup 20cl, x2, Indigo blue;2
RVBOX654769;3198246547698;REVOL No.W giftboxed cup 20cl, x2, Matt grey Recyclay;2
RVBOX654764;3198246547643;REVOL No.W giftboxed cup 8cl, x2, Arctic white;1
RVBOX654766;3198246547667;REVOL No.W giftboxed cup 8cl, x2, Indigo blue;0
RVBOX654762;3198246547629;REVOL No.W giftboxed cup 8cl, x2, Matt grey Recyclay;0
RVBOX654631;3198246546318;6x REVOL No.W cup 20cl, Arctic white;0
RVBOX654632;3198246546325;6x REVOL No.W cup 20cl, Indigo blue;0
RVBOX654630;3198246546301;6x REVOL No.W cup 20cl, Matt grey Recyclay;0
RVBOX654628;3198246546288;6x REVOL No.W cup 8cl, Arctic white;0
RVBOX654629;3198246546295;6x REVOL No.W cup 8cl, Indigo blue;0
RVBOX654627;3198246546271;6x REVOL No.W cup 8cl, Matt grey Recyclay;0
4360;;I don't want any gift;0
MIJC0434;8594197827790;Green Fade Side Plate 21 cm;54
MIJC0473;8594197827806;Recycled White Sand Pasta Bowl 25,5 cm, 600 ml;0
MIJC0652;8594197827813;BB Black Oval Bowl 14 x 12,5 cm, 200 ml;320
MIJC0654;8594197827820;BB Black Side Plate 21 cm;309
MIJC2263;8594197827837;Ridged Alabaster Plate, High Rim, 20,5 cm;131
MIJC2269;8594197827844;Ridged Alabaster Bowl 13 cm, 300 ml;237
MIJC2270;8594197827851;Ridged Alabaster Bowl 19,5 cm, 1000 ml;42
MIJC3275;8594197827868;White Star Bowl 13 cm, 200 ml;38
MIJC3808;8594197827875;Matt Black Bowl 13 cm, 400 ml;87
MIJC4007;8594197827882;Green Fade Irregular Sauce Bowl 8 cm, 20 ml;0
MIJC9015;8594197827899;Earth & Sky Bowl 13 cm, 200 ml;160
MIJX010;8594197827912;Printed Catalog - ENG - without contacts;16
MIJC0476;8594197827929;Recycled White Sand Bowl 25 cm, 1500 ml;0
MIJC0697;8594197827936;Akane Grey Side Irregular Plate 15,5 cm;69
MIJC2259;8594197827943;Ridged Alabaster Sauce Bowl 9 cm, 20 ml;72
MIJC2261;8594197827950;Ridged Alabaster Udon Bowl 18 cm, 700 ml;151
MIJC2295;8594197827967;Ridged Indigo Dinner Plate 25 cm;122
MIJC2296;8594197827974;Ridged Indigo Bowl 25 cm, 800 ml;124
MIJC2334;8594197827981;Ice White Dinner Plate 24,5 cm;269
MIJC2675;8594197827998;Ice Pink Tapas Plate 13 cm;467
MIJC3800;8594197828001;Copper Swirl Bowl 13 cm, 400 ml;493
MIJC3825;8594197828018;Copper Swirl Saucer 13,5 cm;194
MIJC4004;8594197828025;Green Fade Oval Bowl 14 x 12,5 cm, 200 ml;78
MIJC4055;8594197828032;BB Black Mug, 200 ml;188
MIJC4056;8594197828049;Green Fade Mug, 200ml;293
MIJC5164;8594197828056;Earth Bowl 13 cm, 400 ml;70
MIJC0611B;8594197828063;Steel Grey Dinner Plate 28 cm - Version 2;0
MIJC0521;8594197828070;Dark Kurumi Bowl 13 cm, 300 ml;0
MIJC1919;8594197828087;Crazed Grey Bowl 15 cm, 450 ml;155
MIJC1920;8594197828094;Crazed Grey Bowl 13 cm, 200 ml;60
MIJC2260;8594197828100;Ridged Alabaster Bowl 16 cm, 550 ml;2
MIJC2670;8594197828117;Ice Pink Bowl 14 cm, 200 ml;0
MIJC2676;8594197828124;Ice Pink Tapas Plate 16,5 cm;0
MIJC2687;8594197828131;Ice Green Dinner Plate 24,5 cm;132
MIJC2696;8594197828148;Ice Blue Dinner Plate 24,5 cm;1
MIJC3601;8594197828155;DK Green Dinner Plate 28,5 cm;317
MIJC3752;8594197828162;Matt Black Saucer 13,5 cm;127
MIJC4002;8594197828179;Green Fade Oval Bowl 19 x 17,5 cm, 600 ml;0
MIJC4006;8594197828186;Green Fade Sauce Bowl 8,5 cm, 100 ml;0
MIJC8170;8594197828193;White Spiral Bowl 13,5 cm, 200 ml;189
MIJC8171;8594197828209;White Spiral Bowl 15,5 cm, 350 ml;40
MIJC8172;8594197828216;White Spiral Bowl 21,5 cm, 900 ml;0
MIJC8174;8594197828223;White Spiral Bowl 23,5 cm, 600 ml;180
MIJC8175;8594197828230;White Spiral Tapas Plate 16 cm;0
MIJC8177;8594197828247;White Spiral Dinner Plate 24,5 cm;269
MIJC8178;8594197828254;White Spiral Dinner Plate 29,5 cm;12
MIJC9021;8594197828261;Earth & Sky Serving Bowl 28,5 cm, 1500 ml;0
MIJC0674;8594197828315;White Fade Side Plate 21 cm;126
MIJC1433;8594197828322;White Fade Bowl 11 cm, 300 ml;0
MIJC1434;8594197828339;White Fade Pasta Bowl 21,5 cm, 700 ml;0
MIJC2262;8594197828346;Ridged Alabaster Ramen Bowl 25 cm, 900 ml;0
MIJC4003;8594197828353;Green Fade Oval Bowl 16,5 x 15 cm, 300 ml;60
MIJC4008;8594197828360;Green Fade Cup 120 ml;255
MIJC4047;8594197828377;BB Black Rectangular Plate 29,5 x 12 cm;0
MIJC4048;8594197828384;Green Fade Rectangular Plate 29,5 x 12 cm;244
MIJC4049;8594197828391;White Fade Rectangular Plate 29,5 x 12 cm;169
MIJC5167;8594197828407;Earth Sake Cup 50 ml;0
MIJC8176;8594197828414;White Spiral Side Plate 21,5 cm;8
MIJC0670;8594197828421;White Fade Oval Bowl 19 x 17,5 cm, 600 ml;0
MIJC0680;8594197828438;Sand Fade  Oval Bowl 19 x 17,5 cm, 600 ml;0
MIJC1444;8594197828445;Green Fade Pasta Bowl 21,5 cm, 700 ml;0
MIJC2677;8594197828452;Ice Pink Side Plate 22 cm;418
MIJC2682;8594197828469;Ice Green Pasta Bowl 22,5 cm, 350 ml;85
MIJC2684;8594197828476;Ice Green Tapas Plate 13 cm;0
MIJC2685;8594197828483;Ice Green Tapas Plate 16,5 cm;25
MIJC2686;8594197828490;Ice Green Side Plate 22 cm;115
MIJC2691;8594197828506;Ice Blue Pasta Bowl 22,5 cm, 350 ml;59
MIJC2693;8594197828513;Ice Blue Tapas Plate 13 cm;0
MIJC2694;8594197828520;Ice Blue Tapas Plate 16,5 cm;0
MIJC2695;8594197828537;Ice Blue Side Plate 22 cm;175
MIJC4050;8594197828544;Sand Fade Rectangular Plate 29,5 x 12 cm;59
MIJC2154;8594197828605;Indigo Blue Spoon 15 cm;0
MIJC0365;8595730100370;Black Contour Rectangular Plate 33 x 10,5 cm;0
MIJC0057;8595730100363;White Soy Pot 120 ml;210
MIJC0366;8595730100387;Green Contour Rectangular Plate 33 x 10,5 cm;0
MIJC0367;8595730100394;Blue Contour Rectangular Plate 33 x 10,5 cm;73
MIJC0395;8595730100400;Amber Contour Rectangular Plate 33 x 10,5 cm;112
MIJC0396;8595730100417;Amber Contour Rectangular Plate 24 x 15 cm;81
MIJC0616;8595730100424;White Rectangular Plate, High Rim, 33 x 10,5 cm;1
MIJC0617;8595730100431;Black Rectangular Plate, High Rim, 33 x 10,5 cm;0
MIJC0621;8595730100448;White Contour Rectangular Plate 10 x 7,5 cm;193
MIJC0622;8595730100455;Black Contour Rectangular Plate 10 x 7,5 cm;263
MIJC0623;8595730100462;Green Contour Rectangular Plate 10 x 7,5 cm;304
MIJC0624;8595730100479;Blue Contour Rectangular Plate 10 x 7,5 cm;256
MIJC0625;8595730100486;Amber Contour Rectangular Plate 10 x 7,5 cm;284
MIJC1010;8595730100493;Wabi Sabi Rectangular Platter 33 x 19 cm;244
MIJC3178;8595730100509;Tenmokku Cup with handle 150 ml;0
MIJC3192;8595730100516;Mist Rectangular Plate 8 x 8,5 cm;57
MIJC3193;8595730100523;Neptune Rectangular Plate 8 x 8,5 cm;19
MIJC3194;8595730100530;Dune Rectangular Plate 8 x 8,5 cm;8
MIJC3196;8595730100547;Ume Sauce Dish 40 ml;175
MIJC3782;8595730100554;DK Green Dinner Plate 25,5 cm;274
MIJC4164;8595730100561;Indigo Triple Pod Sauce Dish 3 x 40 ml;104
MIJC4167;8595730100578;Blue & White Triple Pod Sauce Dish 3 x 40 ml;110
MIJC4205;8595730100585;Indigo Shibori Spoon 12,5 cm;121
MIJC4206;8595730100592;Indigo Stripe Spoon 12,5 cm;172
MIJC4207;8595730100608;Indigo Basketweave Spoon 12,5 cm;139
MIJC4208;8595730100615;Indigo Asanoha Brown Spoon 12,5 cm;152
MIJC4209;8595730100622;Indigo Checkerboard Spoon 12,5 cm;179
MIJC8162;8595730100639;Indigo Blue Tapas Saucer 13,5 cm;0
MIJC0056;8595730100868;Silvered Black Soy Pot 120 ml;230
MIJC1015;8595730100875;Wabi Sabi Serving Bowl 28,5 cm, 1200 ml;224
MIJC1107;8595730100882;Black with Bright Blue Drip Cup 250 ml;0
MIJC1109;8595730100899;Oribe Green Drip Cup 250 ml;0
MIJC1112;8595730100905;Sushi Set Sky Blue 4 pcs with Chopsticks;0
MIJC1648;8595730100912;Black Origami Crane Chopsticks Rest;0
MIJC1651;8595730100929;Indigo Blue Origami Crane Chopsticks Rest;297
MIJC1652;8595730100936;Pink Origami Crane Chopsticks Rest;207
MIJC1654;8595730100943;White Origami Crane Chopsticks Rest;0
MIJC1670;8595730100950;Ice Blue Whale Chopsticks Rest;132
MIJC1677;8595730100967;Asanoha Black Cylinder Chopsticks Rest;180
MIJC1679;8595730100974;Kikko Black Cylinder Chopsticks Rest;142
MIJC1681;8595730100981;Hishi Black Cylinder Chopsticks Rest;160
MIJC3168;8595730100998;Cashew Cup with handle 150 ml;36
MIJC4112;8595730101001;Black Teapot with Strainer 420 ml;30
MIJC1100;8595730101025;Tea Set Blue Wave 3 pcs with Strainer;4
MIJC1104;8595730101032;Dark Green with Patchwork Band Cup 250 ml;28
MIJC1108;8595730101049;Cobalt & Teal Drip Cup 250 ml;1
MIJC2271;8595730101056;Ridged Alabaster Bowl 16 cm, 600 ml;0
MIJC4113;8595730101063;White Teapot with Strainer 420 ml;18
MIJRW0054;8595730101070;Bowl Set Black & White petals 2 x 400 ml with Chopsticks;80
MIJC0337;8595730101100;Reddish Brown Pourer 400 ml;126
MIJC1020;8595730101117;Wabi Sabi Deep Bowl 13 cm, 400 ml;519
MIJC4108;8595730101124;Wabi Sabi Bowl 23 cm, 1600 ml;454
MIJC0699;8595730101155;Sky Blue Irregular Pasta Bowl 23 cm, 400 ml;0
MIJC1071;8595730101162;Sauce Dish Silhouette Fuji;93
MIJC1072;8595730101179;Sauce Dish Silhouette Fish;127
MIJC1073;8595730101186;Sauce Dish Silhouette Owl;229
MIJC1074;8595730101193;Sauce Dish Silhouette Tortoise;175
MIJC1075;8595730101209;Sauce Dish Silhouette Crane;205
MIJC1076;8595730101216;Sauce Dish Silhouette Cat;227
MIJC1077;8595730101223;Sauce Dish Silhouette Daruma;228
MIJC1129;8595730101230;Shiranami Rectangular Plate 22 x 18 cm;169
MIJC1130;8595730101247;Shiranami Rectangular Plate 27 x 17 cm;128
MIJC2336;8595730101254;Sky Blue Rectangular Plate 42 x 21 cm;54
MIJC3000;8595730101261;Ice Sapphire Bowl 14 cm, 200 ml;136
MIJC3002;8595730101278;Ice Sapphire Tapas Plate 16,5 cm;130
MIJC3003;8595730101285;Ice Sapphire Side Plate 22 cm;100
MIJC3004;8595730101292;Ice Sapphire Dinner Plate 24,5 cm;33
MIJC5467;8595730101308;Bronze Converging Bowl 13 cm, 200 ml;0
MIJC0335;8595730101315;Metallic Black Pourer 400 ml;49
MIJRW0053;8595730101322;Sushi Set White & Pink Sakura 4 pcs with Chopsticks;0
MIJC8074;8595730101339;DK Green Tapas Plate 17 cm;246
MIJC7935;8595730101346;Sky Blue Oval Plate 22 x 18 cm;0
MIJC1128;8595730101353;Shiranami Oval Plate 26,5 x 23,5 cm;1
MIJC0001;8595730101360;Black Pearl Saucer 13,5 cm;157
MIJC0003;8595730101377;Earth Saucer 13,5 cm;159
MIJC0425;8595730101384;White Fade Side Plate 21 cm;68
MIJC0471;8595730101391;Shell White Slab Square Plate 25 x 25 cm;3
MIJC0678;8595730101407;Sand Fade Ramen Bowl 24,5 cm, 900 ml;100
MIJC0690;8595730101414;Midori Irregular Bowl 22 cm, 1200 ml;7
MIJC0691;8595730101421;Midori Irregular Pasta Bowl 23 cm, 400 ml;57
MIJC0694;8595730101438;Midori Side Irregular Plate 15,5 cm;0
MIJC0770;8595730101445;Dark Brown Sake Cup 60 ml;111
MIJC0871;8595730101452;Bronze Converging Bowl 19 cm, 300 ml;0
MIJC0938;8595730101469;Wabi Sabi Sauce Dish ? ml;0
MIJC0939;8595730101476;Storm Oval Bowl 16 x ? cm, 420 ml;216
MIJC0940;8595730101483;Storm Oval Platter 32 x 15 cm;108
MIJC0941;8595730101490;Storm Oval Irregular Bowl 18 x 15 cm, ? ml;183
MIJC0942;8595730101506;Storm Oval Irregular Plate 25 x 21 cm;107
MIJC0943;8595730101513;Storm Irregular Platter 31 x ? cm;111
MIJC0947;8595730101520;Storm Rectangular Irregular Platter 30 x ? cm;92
MIJC1005;8595730101537;Snow Leaf Ramekin Irregular Sauce Bowl 9,5 cm, 100 ml;124
MIJC1008;8595730101544;Snow Leaf Bowl 10,5 cm, 200 ml;66
MIJC1052;8595730101551;Matt Black Chawan Mushi Cup 150 ml;74
MIJC1176;8595730101568;Indigo Saucer 12 cm;140
MIJC2266;8595730101575;Ridged Alabaster Cup 150 ml;0
MIJC2268;8595730101582;Ridged Alabaster Bowl 15 cm, 700 ml;67
MIJC2274;8595730101599;Ridged Alabaster Tapas Plate 16 cm;38
MIJC2471;8595730101605;White Blossom Dinner Plate 28,5 cm;157
MIJC3146;8595730101612;Green Donabe Pot 4 l;0
MIJC4001;8595730101629;Green Fade Ramen Bowl 24,5 cm, 900 ml;114
MIJC5096;8595730101636;Black Square Sauce Bowl 7 x 7 cm, 50 ml;69
MIJC5188;8595730101643;Winter Drift Matcha Tea Bowl 350 ml;46
MIJC5189;8595730101650;Cypress Matcha Tea Bowl 350 ml;90
MIJC5194;8595730101667;Eclipse Matcha Tea Bowl 350 ml;38
MIJC5195;8595730101674;Aozora fleck Matcha Tea Bowl 350 ml;0
MIJC5205;8595730101681;Caramel Matcha Tea Bowl 350 ml;81
MIJC5206;8595730101698;Swept Earth Matcha Tea Bowl 350 ml;28
MIJC6437;8595730101704;Fugu Bowl 14 cm, ? ml;0
MIJC6438;8595730101711;Fugu Dinner Plate 29 cm;18
MIJC6439;8595730101728;Fugu Dinner Plate 24 cm;0
MIJC6440;8595730101735;Fugu Tapas Plate 16 cm;0
MIJC7611;8595730101742;Snow Leaf Tapas Plate 17 cm;89
MIJC7612;8595730101759;Snow Leaf Irregular Dinner Plate 25 cm;79
MIJC7613;8595730101766;Snow Leaf Cup 150 ml;107
MIJC7615;8595730101773;Snow Leaf Bowl 13 cm, 300 ml;77
MIJC7616;8595730101780;Snow Leaf Bowl 18 cm, 500 ml;81
MIJC7617;8595730101797;Snow Leaf Irregular Tapas Plate 13 cm;285
MIJC7619;8595730101803;Snow Leaf Irregular Plate 31 cm;58
MIJC7855;8595730101810;Lines White Rectangular Plate 21 x 13 cm;146
MIJC7936;8595730101827;Sky Blue Dinner Plate 24 cm;0
MIJC8113;8595730101834;DK Green Bowl 17 cm, 600 ml;160
MIJC8157;8595730101841;Blue & Green Bowl 17 cm, 500 ml;146
MIJC0463;8595730101865;Stone Tapas Plate 17 cm;502
MIJC1006;8595730101872;Snow Leaf Irregular Bowl 24 cm, 900 ml;40
MIJC1101;8595730101889;Tea Set Black Bright Blue Drip 3 pcs with Strainer;28
MIJC1102;8595730101896;Tea Set Black Cobalt Teal Drip 3 pcs with Strainer;6
MIJC1163;8595730101902;Earth & Sky Sauce Bowl 12 cm, 150 ml;581
MIJC1179;8595730101919;Orange Donabe Oven Pot with Handle 15 cm, ? ml;33
MIJC1184;8595730101926;Green Donabe Oven Pot with Handle 15 cm, 150 ml;81
MIJC1185;8595730101933;Green Donabe Small Oven Pot 11,5 cm, 200 ml;127
MIJC1186;8595730101940;Green Donabe Oval Oven Pot ? cm, ? ml;49
MIJC1187;8595730101957;Orange Donabe Oven Dish 200 ml;51
MIJC1189;8595730101964;Yellow Donabe Oven Dish 200 ml;50
MIJC1191;8595730101971;Green Donabe Oven Dish 200 ml;88
MIJC1243;8595730101988;Akoya Soba Cup 160 ml;40
MIJC1642;8595730101995;White Sendan Bowl 12 cm, ? ml;157
MIJC1644;8595730102008;Navy Sendan Bowl 12 cm, ? ml;160
MIJC1645;8595730102015;White Sendan Bowl 14 cm, ? ml;43
MIJC1657;8595730102022;Navy Sendan Bowl 17 cm, 300 ml;38
MIJC3001;8595730102039;Ice Sapphire Bowl 21 cm, 700 ml;186
MIJC3709;8595730102046;Bronze Converging Bowl 16 cm, 600 ml;175
MIJC5422;8595730102053;Aqua Splash Oval Dinner Plate 25 x 22 cm;122
MIJC5426;8595730102060;Aqua Splash Oval Dinner Plate 30 x 24 cm;256
MIJC5430;8595730102077;Aqua Splash Irregular Sauce Dish 10,5 cm, 50 ml;270
MIJC7610;8595730102084;Snow Leaf Irregular Tapas Plate 12,5 cm;283
MIJC7618;8595730102091;Snow Leaf Irregular Side Plate 21,5 cm;101
MIJC7621;8595730102107;Stone Slab Double Sauce Dish 2 x 15 ml;486
MIJC7627;8595730102114;Half Moon Plate 27cm Ivory White Glaze;49
MIJC7937B;8595730102121;Shigaraki Brown Rectangular Sauce Dish 30 ml;88
MIJC0862;8595730102138;Wabi Sabi Rectangular Triple Sauce Dish 3 x 10 ml;110
MIJC5429;8595730102145;Aqua Splash Dinner Plate 27 cm;89
MIJC0494;8595730102152;Asphalt Slab Dinner Plate, High Rim, 24 cm;123
MIJC0768;8595730102169;Cocoa Cup 70 ml;290
MIJC0905;8595730102176;Akoya Udon Bowl 16 cm, 900 ml;314
MIJC1123;8595730102183;Terra Rectangular Plate 27 x 17 cm;74
MIJC1124;8595730102190;Terra Rectangular Plate 21 x 17 cm;108
MIJC1127;8595730102206;Terra Rectangular Plate 36 x 9,5 cm;118
MIJC1132;8595730102213;Shiranami Bowl 15 cm, 120 ml;182
MIJC1134;8595730102220;Shiranami Rectangular Plate 36 x 9,5 cm;176
MIJC1192;8595730102237;Green Donabe Oven Dish 200 ml;101
MIJC1242;8595730102244;Akoya Sauce Bowl 20 ml;286
MIJC1647;8595730102251;Navy Sendan Bowl 14 cm, 500 ml;24
MIJC2159;8595730102268;Indigo Blue Ramen Kanso Spoon Rest;188
MIJC2162;8595730102275;Indigo Blue Kanso Spoon Rest Small;179
MIJC2163;8595730102282;Matt Black Kanso Spoon Rest Small;175
MIJC2880;8595730102299;Aurora Bowl 17 cm, 500 ml;114
MIJC3158;8595730102305;Soy Pot Squared 150ml Textured White Glaze;100
MIJC3736;8595730102312;DK Green Saucer 13.5 cm;320
MIJC6124;8595730102329;Black Pearl Square Plate 16 x 16 cm;153
MIJC6244;8595730102336;Cobalt Blue Rectangular Plate 26 x 16,5 cm;54
MIJC8166;8595730102343;Off White Irregular Saucer 13,5 cm, 50 ml;222
MIJC0771;8595730102527;Brown Teapot with Strainer 500 ml;24
MIJC1055;8595730102534;Indigo Blue Chawan Mushi Cup 150 ml;72
MIJC3036;8595730102541;Crazed Grey Pasta Bowl 23 cm, 500 ml;125
MIJC1155;8595730102558;Wabi Sabi Bowl 15 cm, 300 ml;196
MIJC1171;8595730102565;Nin-Rin Bowl 12 cm, 200 ml;251
MIJC1841;8595730102572;Matt Black Kanso Cup 120 ml;455
MIJC1166;8595730102589;Wabi Sabi Bowl 12 cm, 200 ml;185
MIJC7205;8595730102596;Lime Green Sauce Bowl 8 cm, 50 ml;201
MIJC7974;8595730102640;Buttermilk Ramen Bowl 24 cm, 900 ml;206
MIJC7977;8595730102664;Buttermilk Bowl 15 cm, 450 ml;140
MIJC7979;8595730102671;Buttermilk Dinner Plate 25,5 cm;144
MIJC7980;8595730102688;Buttermilk Side Plate 19,5 cm;184
MIJC1121;8595730102695;Terra Platter 26,5 x 23,5 cm;105
MIJC1126;8595730102701;Terra Sauce Dish 60 ml;199
MIJC1125;8595730102718;Terra Bowl 15 cm, 200 ml;228
MIJC1122;8595730102725;Terra Rectangular Plate 22 x 18 cm;109
MIJC5090;8595730102732;Gloss Black Dinner Plate 24 cm;71
MIJC5092;8595730102749;Grey Mingei Sauce Bowl 8 cm, 100 ml;374
MIJC9MIJC1133626;8595730102756;Shiranami Sauce Dish 60 ml;0
MIJC2325;8595730102763;Lopsided Brown Cup 180 ml;96
MIJC0035;8595730102770;Lopsided Blue Cup 180 ml;97
MIJC1655;8595730102787;White Sendan Bowl 17 cm, 300 ml;49
MIJC2227;8595730102794;Wabi Sabi Dinner Plate 24 cm;202
MIJC1177;8595730102800;White & Blue Saucer 14 cm;180
MIJC7978;8595730102817;Buttermilk Bowl 13 cm, 200 ml;183
